{
  "v": "5.7.4",
  "fr": 30,
  "ip": 0,
  "op": 90,
  "w": 500,
  "h": 500,
  "nm": "Cake Frosting Animation",
  "ddd": 0,
  "assets": [],
  "layers": [
    {
      "ddd": 0,
      "ind": 1,
      "ty": 4,
      "nm": "Cake Base",
      "sr": 1,
      "ks": {
        "o": { "a": 0, "k": 100 },
        "r": { "a": 0, "k": 0 },
        "p": { "a": 0, "k": [250, 300, 0] },
        "a": { "a": 0, "k": [0, 0, 0] },
        "s": { "a": 0, "k": [100, 100, 100] }
      },
      "ao": 0,
      "shapes": [
        {
          "ty": "gr",
          "it": [
            {
              "ty": "rc",
              "d": 1,
              "s": { "a": 0, "k": [200, 100] },
              "p": { "a": 0, "k": [0, 0] },
              "r": { "a": 0, "k": 0 }
            },
            {
              "ty": "fl",
              "c": { "a": 0, "k": [0.996, 0.851, 0.659, 1] },
              "o": { "a": 0, "k": 100 },
              "r": 1
            },
            {
              "ty": "tr",
              "p": { "a": 0, "k": [0, 50] },
              "a": { "a": 0, "k": [0, 0] },
              "s": { "a": 0, "k": [100, 100] },
              "r": { "a": 0, "k": 0 },
              "o": { "a": 0, "k": 100 },
              "sk": { "a": 0, "k": 0 },
              "sa": { "a": 0, "k": 0 }
            }
          ],
          "nm": "Cake Base"
        }
      ],
      "ip": 0,
      "op": 90,
      "st": 0
    },
    {
      "ddd": 0,
      "ind": 2,
      "ty": 4,
      "nm": "Frosting",
      "sr": 1,
      "ks": {
        "o": { "a": 0, "k": 100 },
        "r": { "a": 0, "k": 0 },
        "p": { "a": 0, "k": [250, 250, 0] },
        "a": { "a": 0, "k": [0, 0, 0] },
        "s": { "a": 0, "k": [100, 100, 100] }
      },
      "ao": 0,
      "shapes": [
        {
          "ty": "gr",
          "it": [
            {
              "ty": "rc",
              "d": 1,
              "s": { 
                "a": 1, 
                "k": [
                  { "t": 0, "s": [200, 0], "h": 1 },
                  { "t": 30, "s": [200, 80], "h": 1 },
                  { "t": 60, "s": [200, 80], "h": 1 },
                  { "t": 90, "s": [200, 0], "h": 1 }
                ] 
              },
              "p": { "a": 0, "k": [0, 0] },
              "r": { "a": 0, "k": 0 }
            },
            {
              "ty": "fl",
              "c": { "a": 0, "k": [0.988, 0.741, 0.831, 1] },
              "o": { "a": 0, "k": 100 },
              "r": 1
            },
            {
              "ty": "tr",
              "p": { "a": 0, "k": [0, 10] },
              "a": { "a": 0, "k": [0, 0] },
              "s": { "a": 0, "k": [100, 100] },
              "r": { "a": 0, "k": 0 },
              "o": { "a": 0, "k": 100 },
              "sk": { "a": 0, "k": 0 },
              "sa": { "a": 0, "k": 0 }
            }
          ],
          "nm": "Frosting"
        }
      ],
      "ip": 0,
      "op": 90,
      "st": 0
    },
    {
      "ddd": 0,
      "ind": 3,
      "ty": 4,
      "nm": "Spatula",
      "sr": 1,
      "ks": {
        "o": { "a": 0, "k": 100 },
        "r": { 
          "a": 1, 
          "k": [
            { "t": 0, "s": [-45], "h": 1 },
            { "t": 30, "s": [0], "h": 1 },
            { "t": 60, "s": [45], "h": 1 },
            { "t": 90, "s": [-45], "h": 1 }
          ] 
        },
        "p": { 
          "a": 1, 
          "k": [
            { "t": 0, "s": [350, 150, 0], "h": 1 },
            { "t": 30, "s": [250, 200, 0], "h": 1 },
            { "t": 60, "s": [150, 150, 0], "h": 1 },
            { "t": 90, "s": [350, 150, 0], "h": 1 }
          ] 
        },
        "a": { "a": 0, "k": [0, 0, 0] },
        "s": { "a": 0, "k": [100, 100, 100] }
      },
      "ao": 0,
      "shapes": [
        {
          "ty": "gr",
          "it": [
            {
              "ty": "rc",
              "d": 1,
              "s": { "a": 0, "k": [20, 80] },
              "p": { "a": 0, "k": [0, 0] },
              "r": { "a": 0, "k": 0 }
            },
            {
              "ty": "fl",
              "c": { "a": 0, "k": [0.8, 0.8, 0.8, 1] },
              "o": { "a": 0, "k": 100 },
              "r": 1
            },
            {
              "ty": "tr",
              "p": { "a": 0, "k": [0, 0] },
              "a": { "a": 0, "k": [0, 0] },
              "s": { "a": 0, "k": [100, 100] },
              "r": { "a": 0, "k": 0 },
              "o": { "a": 0, "k": 100 },
              "sk": { "a": 0, "k": 0 },
              "sa": { "a": 0, "k": 0 }
            }
          ],
          "nm": "Spatula Handle"
        },
        {
          "ty": "gr",
          "it": [
            {
              "ty": "rc",
              "d": 1,
              "s": { "a": 0, "k": [60, 10] },
              "p": { "a": 0, "k": [0, -45] },
              "r": { "a": 0, "k": 0 }
            },
            {
              "ty": "fl",
              "c": { "a": 0, "k": [0.6, 0.6, 0.6, 1] },
              "o": { "a": 0, "k": 100 },
              "r": 1
            },
            {
              "ty": "tr",
              "p": { "a": 0, "k": [0, 0] },
              "a": { "a": 0, "k": [0, 0] },
              "s": { "a": 0, "k": [100, 100] },
              "r": { "a": 0, "k": 0 },
              "o": { "a": 0, "k": 100 },
              "sk": { "a": 0, "k": 0 },
              "sa": { "a": 0, "k": 0 }
            }
          ],
          "nm": "Spatula Blade"
        }
      ],
      "ip": 0,
      "op": 90,
      "st": 0
    }
  ]
}